,Number of Sherloc classes with clinical evidence,Normalized mitophagy(%),Normalized GFP intensity(%),,hyperactive variants,hyperactivity,normalized hyperactivity to gfp levels,gfp/100
WT,,100,100,0,,,,1
p.C253Y,1,19.195,47.03333333,0,,,,0.470333333
p.C431F,1,4.083333333,100.125,0,,,,1.00125
p.T240R,2,8.475,98.225,0,,,,0.98225
p.R42P,1,39.825,29.75,0,,,,0.2975
p.V56E,1,34.68,41.51666667,0,,,,0.415166667
p.K211N,1,8.123333333,106.2,0,,,,1.062
p.C212Y,1,23.49166667,54.1,0,,,,0.541
p.C238W,1,17.12333333,45.01666667,0,,,,0.450166667
p.G284R,1,16.444,98.66666667,0,,,,0.986666667
p.R275W,2,7.0925,57.925,0,,,,0.57925
p.T415N,1,15.9625,113.25,0,,,,1.1325
p.G430D,2,9.62,91.5,0,,,,0.915
p.C441R,1,10.73,46.625,0,,,,0.46625
p.A46T,3,41,93.825,0,,,,0.93825
p.P153R,3,117.0333333,112.95,1,p.P153R,117.0333333,1.03615169,1.1295
p.M192L,3,117,101.04,1,p.M192L,117,1.157957245,1.0104
p.R402C,3,123.3333333,99.375,1,p.R402C,123.3333333,1.241090147,0.99375
p.Q34R,4,46.525,86.8,0,,,,0.868
p.A82E,4,81.9,113.1,0,,,,1.131
p.S167N,4,90.275,110.8,0,,,,1.108
p.R334C,4,268.25,68.575,1,p.R334C,268.25,3.911775428,0.68575
p.V380L,4,87.325,103.45,0,,,,1.0345
p.D394N,4,97.65,103.575,0,,,,1.03575
p.W54R,5,51.6,119.2666667,0,,,,1.192666667
p.K161N,5,12.47142857,110.175,0,,,,1.10175
p.M192V,5,127.75,112.25,1,p.M192V,127.75,1.138084633,1.1225
p.C253F,5,7.2,34.475,0,,,,0.34475
p.C289G,5,10.02,58.95,0,,,,0.5895
p.G328E,5,125.025,90.35,1,,,,0.9035
p.T351P,5,98,99.5,0,,,,0.995
p.C418R,5,17.43333333,36.03333333,0,,,,0.360333333
p.D18N,5,110.575,120,1,p.D18N,110.575,0.921458333,1.2
p.R33Q,5,74.68,97.1,0,,,,0.971
p.P37L,5,159.8,81.25,1,p.P37L,159.8,1.966769231,0.8125
p.R42C,5,121.1666667,105.4666667,1,p.R42C,121.1666667,1.1488622,1.054666667
p.R42H,5,105.8,97.3,1,p.R42H,105.8,1.087358684,0.973
p.R104W,5,50.375,106.95,0,,,,1.0695
p.R234Q,5,185.5,101.4,1,p.R234Q,185.5,1.82938856,1.014
p.T240M,5,4.857142857,99.02,0,,,,0.9902
p.R256C,5,157.25,81.325,1,p.R256C,157.25,1.933599754,0.81325
p.D280N,5,107.175,106.75,1,p.D280N,107.175,1.003981265,1.0675
p.E310R,5,107.5,98.33333333,1,p.E310R,107.5,1.093220339,0.983333333
p.R334H,5,107.4285714,101.575,1,p.R334H,107.4285714,1.057628072,1.01575
p.G359D,5,41.71428571,103.9,0,,,,1.039
p.R366W,5,106.6,91.9,1,p.R366W,106.6,1.159956474,0.919
p.R396G,5,127.8333333,100.15,1,p.R396G,127.8333333,1.276418705,1.0015
p.P437L,5,15.44,118,0,,,,1.18
p.E444Q,5,101.4,94.8,1,p.E444Q,101.4,1.069620253,0.948
p.M458L,5,147.5714286,81.05,1,p.M458L,147.5714286,1.820745572,0.8105
p.V224A,5,276,90.525,1,p.V224A,276,3.048881524,0.90525
p.V248I,5,133.25,101.075,1,p.V248I,133.25,1.318327974,1.01075