resi,wt,mut,coverage,med_score,nons_score,syn_score
1,M,IL,2,1.14231416510488,NA,NA
2,I,ACDEFGHKLMNPQRSTVWY,19,0.93688031926296,0.0252990218696314,0.833412902190831
3,V,ACDEFGHIKLMNPQRSTWY,19,0.451853096691385,-0.0832530796924333,0.784550169194941
4,F,ACDEGHIKLMNPQRSTVWY,19,0.878644541338207,0.0554335337954772,0.995742981628358
5,V,ACDEFGHIKLMNPQRSTWY,19,0.521949253731407,-0.154104035138184,0.974390402889057
6,R,ACDEFGHIKLMNPQSTVWY,19,0.716926398293287,0.100449097966426,NA
7,F,ACDEGHIKLMNPQRSTVWY,19,0.672448472375014,0.0117238240108954,0.775099473905459
8,N,ACDEFGHIKLPQRSTVY,17,0.808769646751347,0.0440184733660708,1.18503054245101
9,S,ACDEFGHIKLMNPQRTVWY,19,0.953186147552746,-0.0113803029499632,NA
10,S,ACDEFGHIKLMNPQRTVWY,19,0.921033699077157,-0.190376956091721,1.20936308063958
11,H,ACDEFGIKLMNPQRSTVWY,19,0.925892620658104,0.033235013807105,1.03605991406108
12,G,ACDEFHIKLMNPQRSTVWY,19,0.960383808209427,-0.0124330094622102,0.841259296731378
13,F,ACDEGHIKLMNPQRSTVWY,19,0.720595519678097,0.499042030858309,1.03197648811143
14,P,ACDEFGHIKLMNQRSTVWY,19,0.841216262706956,0.101230167698534,1.04888907569239
15,V,ACDEFGHIKLMNPQRSTWY,19,0.537614675681888,-0.0820924896491726,1.15245305990766
16,E,ACDFGHIKLMNPQRSTVWY,19,0.908352415722331,0.366532237717016,0.872854585140799
17,V,ACDEFGHIKLMNPQRSTWY,19,0.645447604772234,0.322106043053555,0.994273042961936
18,D,ACEFGHIKLMNPQRSTVWY,19,0.990723501008739,0.190900380620493,0.846230981234189
19,S,ACDEFGHIKLMNPQRTVWY,19,0.935642337539788,0.111189337972074,NA
20,D,ACEFGHIKLMNPQRSTVWY,19,0.91734671490942,0.0885099815724006,1.01769535976496
21,T,ACDEFGHIKLMNPQRSVWY,19,0.858150293485769,0.276657772331321,1.06660258488128
22,S,ACDEFGHIKLMNPQRTVWY,19,0.854103980282509,0.194358164810756,1.39925471504881
23,I,ACDEFGHKLMNPQRSTVWY,19,0.450856745717406,0.28004349563226,1.087428315147
24,F,ACDEGHIKLMNPQRSTVWY,19,0.933650243273799,0.130527235978935,0.852639486665292
25,Q,ACDEFGHIKLMNPRSTVWY,19,0.93539717924556,0.311199229553715,0.704935437529289
26,L,ACDEFGHIKMNPQRSTVWY,19,0.406786053598603,0.0621672173962706,0.923443124536738
27,K,ACDEFGHILMNPQRSTVWY,19,0.465720729280187,0.422253819007901,0.821150463015152
28,E,ACDFGHIKLMNPQRSTVWY,19,0.900037257307811,-0.144967639295883,0.87911484739533
29,V,ACDEFGHIKLMNPQRSTWY,19,0.933165478238034,-0.242731392212189,0.937178585406453
30,V,ACDEFGHIKLMNPQRSTWY,19,0.509508982623278,0.147673237796372,0.820663453433638
31,A,CDEFGHIKLMNPQRSTVWY,19,0.568600961698306,0.0722312143212588,0.993993228852128
32,K,ACDEFGHILMNPQRSTVWY,19,1.03795280232235,0.0138722419060333,0.893888383402244
33,R,ACDEFGHIKLMNPQSTVWY,19,0.870480616563023,-0.172878914751378,1.20453400365948
34,Q,ACDEFGHIKLMNPRSTVWY,19,0.996448747637911,-0.0578098832629449,0.875909237083905
35,G,ACDEFHIKLMNPQRSTVWY,19,0.896338691238026,-0.115777083145709,1.08530463063349
36,V,ACDEFGHIKLMNPQRSTWY,19,0.887176422643105,-0.0449876043265664,1.34398984490114
37,P,ACDEFGHIKLMNQRSTVWY,19,0.952946770325481,-0.0148998994454094,1.1345957819779
38,A,CDEFGHIKLMNPQRSTVWY,19,0.92332020001289,0.0708849740400097,1.03251989010188
39,D,ACEFGHIKLMNPQRSTVWY,19,0.891183978329263,0.205810148388208,0.675694766133409
40,Q,ACDEFGHIKLMNPRSTVWY,19,0.966643680389936,0.174099944262742,0.902538136781862
41,L,ACDEFGHIKMNPQRSTVWY,19,0.584778683766945,0.10112324857587,1.03910788628619
42,R,ACDEFGHIKLMNPQSTVWY,19,0.937641348847469,-0.0246279269623859,0.946498951232862
43,V,ACDEFGHIKLMNPQRSTWY,19,0.552465345493154,0.321049945443185,0.734908627609778
44,I,ACDEFGHKLMNPQRSTVWY,19,0.461090473150254,-0.118846897086751,0.845292650333443
45,F,ACDEGHIKLMNPQRTVWY,18,0.326185939079091,0.0609060515224161,0.960570662648231
46,A,CDEFGHIKLMNPQRSTVWY,19,0.420687126542699,0.133430686255364,1.14209487318138
47,G,ACDEFHIKLMNPQRSTVWY,19,0.457573948236167,-0.14920461019325,0.831231088569052
48,K,ACDEFGHILMNPQRSTVWY,19,0.900061343031535,0.26651637145195,1.03362526882266
49,E,ACDFGHIKLMNPQRSTVWY,19,0.680652738679317,0.250155401088398,1.27320322559724
50,L,ACDEFGHIKMNPQRSTVWY,19,0.494944143812892,0.177123630025553,0.986070405367562
51,R,ACDEFGHIKLMNPQSTVWY,19,0.976996540200688,0.0513838110259017,0.860279674198609
52,N,ACDEFGHIKLMPQRSTVWY,19,0.604381341499014,0.357316454192645,1.14077255680748
53,D,ACEFGHIKLMNPQRSTVWY,19,0.847410146381674,-0.373712641441506,1.06213334427011
54,W,ACDEFGHIKLMNPQRSTVY,19,0.918227043039233,0.0847783575625634,NA
55,T,ACDEFGHIKLMNPQRSVWY,19,0.852861791132926,-0.075627741037552,0.80687853376768
56,V,ACDEFGHIKLMNPQRSTWY,19,0.543082848484288,-0.00776217401410548,1.08389945993464
57,Q,ACDEFGHIKLMNPRSTVWY,19,1.00747612175482,-0.127252098766062,1.00485100103989
58,N,ACDEFGHIKLMPQRSTVWY,19,1.00791569454118,0.100021414217498,0.881959959922726
59,C,ADEFGHIKLMNPQRSTVWY,19,0.542205138229855,-0.301245856614072,0.918961269790835
60,D,ACEFGHIKLMNPQRSTVWY,19,0.762912052861427,0.133126768301024,1.19810847853241
61,L,ACDEFGHIKMNPQRSTVWY,19,0.381766611107161,-0.375382997663495,0.933682351515147
62,D,ACEFGHIKLMNPQRSTVWY,19,0.950860322461072,-0.0523263302885584,0.759042057107953
63,Q,ACDEFGHIKLMNPRSTVWY,19,0.810728075276768,0.0356685625257548,0.962469327569644
64,Q,ACDEFGHIKLMNPRSTVWY,19,0.860203717450658,-0.0354360177341326,0.911529096662113
65,S,ACDEFGHIKLMNPQRTVWY,19,0.16115131770362,-0.0579969118983371,NA
66,I,ACDEFGHKLMNPQRSTVWY,19,0.866162857434987,0.0173217866453465,1.00531039582111
67,V,ACDEFGHIKLMNPQRSTWY,19,0.432110542677361,-0.2306986338691,1.24461330642431
68,H,ACDEFGIKLMNPQRSTVWY,19,0.718143595877427,-0.0448728596020028,1.12906353512303
69,I,ACDEFGHKLMNPQRSTVWY,19,0.499965534121442,-0.371388500245459,1.27195958132175
70,V,ACDEFGHIKLMNPQRSTWY,19,0.437695417744964,-0.131614288505254,0.969976727849814
71,Q,ACDEFGHIKLMNPRSTVWY,19,0.953437411963338,0.0627952560123586,1.1096092786801
72,R,ACDEFGHIKLMNPQSTVWY,19,0.996727226693564,-0.108785054034219,2.12665275579053
73,P,ACDEFGHIKLMNQRSTVWY,19,1.01522761907953,0.262187775514473,0.757941694978833
74,W,ACDEFGHIKLMNPQRSTVY,19,1.03498497688615,0.183592213121933,NA
75,R,ACDEFGHIKLMNPQSTVWY,19,1.00075114201142,0.108013237771646,1.30199007004514
76,K,ACDEFGHILMNPQRSTVWY,19,1.02184201087695,0.252639570139558,0.794599238953417
77,G,ACDEFHIKLMNPQRSTVWY,19,1.01972825397533,0.652423327033705,0.992935523355076
78,Q,ACDEFGHIKLMNPRSTVWY,19,0.969233230726657,-0.210281202035367,0.71581207758466
79,E,ACDFGHIKLMNPQRSTVWY,19,0.97994275981185,0.18533725958019,1.0452681578425
80,M,ACDEFGHIKLNPQRSTVWY,19,1.00109413754272,0.0649124163188203,NA
81,N,ACDEFGHIKLMPQRSTVWY,19,0.947347166692421,0.0831881240955425,0.92252271452265
82,A,CDEFGHIKLMNPQRSTVWY,19,1.01713065433239,0.113207899836332,1.01332559747639
83,T,ACDEFGHIKLMNPQRSVWY,19,0.977503434408586,-0.0685525040562722,0.931678787312543
84,G,ACDEFHIKLMNPQRSTVWY,19,0.897820212263814,0.408922881149918,0.8634780578472
85,G,ACDEFHIKLMNPQRSTVWY,19,1.01929324513426,0.0262216000274194,1.06508316697163
86,D,ACEFGHIKLMNPQRSTVWY,19,0.960241000790074,-0.084122638573947,0.931282216417126
87,D,ACEFGHIKLMNPQRSTVWY,19,0.957145340883263,0.258926848443517,0.912544306762269
88,P,ACDEFGHIKLMNQRSTVWY,19,0.971908638876018,0.23822642027197,0.81766655339879
89,R,ACDEFGHIKLMNPQSTVWY,19,0.99855253814103,-0.19966000951237,1.11355262527731
90,N,ACDEFGHIKLMPQRSTVWY,19,0.959993398070813,0.188095604475525,0.931472983861391
91,A,CDEFGHIKLMNPQRSTVWY,19,0.989704914238662,0.104963310970574,1.1134602211203
92,A,CDEFGHIKLMNPQRSTVWY,19,0.971321467657955,-0.0271431639575677,1.01448184555082
93,G,ACDEFHIKLMNPQRSTVWY,19,1.01416621738561,0.0268442249260559,1.16333089575952
94,G,ACDEFHIKLMNPQRSTVWY,19,0.981031923549428,0.202332315294682,0.954032118757463
95,C,ADEFGHIKLMNPQRSTVWY,19,0.934281696485039,0.00477196226373831,0.881705926589979
96,E,ACDFGHIKLMNPQRSTVWY,19,0.964204051702354,0.144381864950857,1.0121441573806
97,R,ACDEFGHIKLMNPQSTVWY,19,0.983945199821471,0.243765856005243,0.934602701556085
98,E,ACDFGHIKLMNPQRSTVWY,19,0.943227051197981,0.290649456011397,1.13083537499345
99,P,ACDEFGHIKLMNQRSTVWY,19,0.882038571761018,0.114697478821047,0.74332021533904
100,Q,ACDEFGHIKLMNPRSTVWY,19,1.00852254348172,-0.333177359070101,1.10774619972862
101,S,ACDEFGHIKLMNPQRTVWY,19,0.953611476302295,0.3000367415733,NA
102,L,ACDEFGHIKMNPQRSTVWY,19,0.615912503775611,0.13528634485969,1.1941202990828
103,T,ACDEFGHIKLMNPQRSVWY,19,0.738467524648396,0.211748207211157,0.959285758118874
104,R,ACDEFGHIKLMNPQSTVWY,19,0.849809739454087,0.361023441543206,0.93815002488575
105,V,ACDEFGHIKLMNPQRSTWY,19,0.830125528415988,0.170741784427199,0.896059471133056
106,D,ACEFGHIKLMNPQRSTVWY,19,0.795852652787702,0.0160313435828054,0.732414841492495
107,L,ACDEFGHIKMNPQRSTVWY,19,0.497493450324297,-0.0266089499967464,0.783278632144564
108,S,ACDEFGHIKLNPQRTVY,17,0.819455975887502,0.340739606457436,0.994242086445825
109,S,ACDEFGHIKLMNPQRTVWY,19,0.871083220862297,0.150652325695278,NA
110,S,ACDEFGHIKLMNPQRTVWY,19,0.872097556182764,0.0787101736032545,NA
111,V,ACDEFGHIKLMNPQRSTWY,19,0.859048708112778,0.938501027035479,0.986994871701138
112,L,ACDEFGHIKMNPQRSTVWY,19,0.856982257847087,-0.00894954682323027,0.928843064077926
113,P,ACDEFGHIKLMNQRSTVWY,19,0.910617491239666,-0.176804276328931,0.89476231192342
114,G,ACDEFHIKLMNPQRSTVWY,19,0.946091977709652,-0.206450173243547,0.993238901837127
115,D,CEFGIKLMNQRSTVWY,16,0.926176340549485,-0.212359891894408,0.884322524267901
116,S,ACDEFGHIKLMNPQRTVWY,19,0.89902553539441,0.285681289339178,1.7627147840806
117,V,ACDEFGHIKLMNPQRSTWY,19,1.0477531416011,-0.17076158568053,1.02637234431376
118,G,ACDEFHIKLMNPQRSTVWY,19,0.880386846362524,0.260079491770667,0.986576839518322
119,L,ACDEFGHIKMNPQRSTVWY,19,1.03944083249812,0.103634767336524,0.886967786792391
120,A,CDEFGHIKLMNPQRSTVWY,19,0.981045339776776,0.0127774994406728,0.986017352326803
121,V,ACDEFGHIKLMNPQRSTWY,19,0.984414120882175,-0.0980652602875707,0.851058437126244
122,I,ACDEFGHKLMNPQRSTVWY,19,0.984120054029645,-0.187698929923062,0.954990235975909
123,L,ACDEFGHIKMNPQRSTVWY,19,0.957093047966692,0.0616121269341799,1.23061675644099
124,H,ACDEFGIKLMNPQRSTVWY,19,1.00736279351428,-0.236426581493249,1.08619224728106
125,T,ACDEFGHIKLMNPQRSVWY,19,1.02242958431216,-0.365802382742255,1.00932742594002
126,D,ACEFGHIKLMNPQRSTVWY,19,0.951813262060263,-0.141392856789274,0.792696731240824
127,S,ACDEFGHIKLMNPQRTVWY,19,0.988241315066374,-0.0451993834640521,0.819818564449199
128,R,ACDEFGHIKLMNPQSTVWY,19,1.05995803067986,0.00478451236925456,0.719956004130177
129,K,ACDEFGHILMNPQRSTVWY,19,1.04456557318011,-0.0954271362695463,1.02172270491312
130,D,ACEFGHIKLMNPQRSTVWY,19,0.978355307656985,-0.0189388657344061,1.02285682086794
131,S,ACDEFGHIKLMNPQRTVWY,19,0.999992539993024,-0.0132424928933037,NA
132,P,ACDEFGHIKLMNQRSTVWY,19,1.01249784520507,0.134687772723686,1.1260691959491
133,P,ACDEFGHIKLMNQRSTVWY,19,1.01008996690359,0.0141206432558419,0.851700429157717
134,A,CDEFGHIKLMNPQRSTVWY,19,1.05137903912283,0.344588497269728,1.08261448134165
135,G,ACDEFHIKLMNPQRSTVWY,19,1.01658367215237,0.153049648968358,0.762610844032125
136,S,ACDEFGHIKLMNPQRTVWY,19,0.996244038545992,-0.05740975854458,NA
137,P,ACDEFGHIKLMNQRSTVWY,19,0.948932783451468,0.0300415231936243,0.660045370728902
138,A,CDEFGHIKLMNPQRSTVWY,19,0.889471945860113,0.302567165211937,1.05511649561709
139,G,ACDEFHIKLMNPQRSTVWY,19,0.928793117549986,0.02399688788969,0.823252963057972
140,R,ADEFGHIKLMNPQSTVWY,18,1.01334032644349,0.0403638770561722,NA
141,S,ACDEFGHIKLMNPQRTVWY,19,1.00723629336017,-0.214310757951189,NA
142,I,ACDEFGHKLMNPQRSTVWY,19,1.0772453456294,0.054322473630452,0.662355099142533
143,Y,ACDEFGHIKLMNPQRSTVW,19,1.16986132326079,0.0601210250730542,0.95612979797552
144,N,ACDEFGHIKLMPQRSTVWY,19,0.982549452795379,-0.0791551868292834,0.752686287161332
145,S,ACDEFGHIKLMNPQRTVWY,19,0.97192142732322,-0.108273321448117,NA
146,F,ACDEGHIKLMNPQRSTVWY,19,0.806872787690126,-0.0159532046333538,0.938319784572126
147,Y,ACDEFGHIKLMNPQRSTVW,19,0.940893840796422,-0.289844373420631,0.989198356898748
148,V,ACDEFGHIKLMNPQRSTWY,19,0.800625057069672,-0.210514862737058,0.795953549052629
149,Y,ACDEFGHIKLMNPQRSTVW,19,0.918957026767325,-0.141578908676937,0.849128349898838
150,C,ADEFGHIKLMNPQRSTVWY,19,-0.20317836129241,-0.278153579539397,0.629788651013071
151,K,ACDEFGHILMNPQRSTVWY,19,0.795678661235874,-0.278184420669582,1.14798045093925
152,G,ACDEFHIKLMNPQRSTVWY,19,0.953655264514435,-0.301992805010941,1.03354987488438
153,P,ACDEFGHIKLMNQRSTVWY,19,0.994057967499929,-0.182140588646778,1.1360510892096
154,C,ADEFGHIKLMNPQRSTVWY,19,0.44960723535407,-0.0740326811141546,1.15384794331617
155,Q,CDEFGHIKLMNRSVWY,16,0.965955927873398,0.201079494170998,0.921642596753403
156,R,ACDEFGHIKLMNPQSTVWY,19,1.07738030874204,-0.110472668733206,NA
157,V,ACDEFGHIKLMNPQRSTWY,19,1.0148844348413,0.231816111981398,1.1071709168769
158,Q,ACDEFGHIKLMNPRSTVWY,19,0.964742823915079,-0.150020860667636,0.937458106949875
159,P,ACDEFGHIKLMNQRSTVWY,19,1.03420640047611,0.0173268024836905,1.46515157635652
160,G,ACDEFHIKLMNPQRSTVWY,19,0.860228180766295,-0.0210312192585798,0.979236561278179
161,K,ACDEFGHIMNPQRSTVWY,18,0.310695251363388,-0.150222543066282,1.77527881769081
162,L,ACDEFGHIKMNPQRSTVWY,19,0.907640527190568,-0.0335052545583502,1.06802878899556
163,R,ACDEFGIKLMNPSTVWY,17,0.15110440785637,-0.0242131280510145,1.00673285762668
164,V,ACDEFGHIKLMNPQRSTWY,19,0.477808087174085,-0.180101514988972,1.00895954664847
165,Q,ACDEFGHIKLMNPRSTVWY,19,0.957759336667064,0.0165986901515585,0.884796517902911
166,C,ADEFGHIKLMNPQRSTVWY,19,0.926881404432488,-0.0739740147889122,0.959059803130085
167,S,ACDEFGHIKLMNPQRTVWY,19,0.988252478658195,0.115096610818564,NA
168,T,ACDEFGHIKLMNPQRSVWY,19,0.894142217633292,0.0219104302274027,1.10603361391176
169,C,ADEFGHIKLMNPQRSTVWY,19,0.919268723544061,-0.081747681486792,0.910833573921115
170,R,ACDEFGHIKLMNPQSTVWY,19,0.979982039929327,-0.0190823803501431,1.03441726786363
171,Q,ACDEFGHIKLMNPRSTVWY,19,0.895505175694411,0.0213221239052313,0.738636723350692
172,A,CDEFGHIKLMNPQRSTVWY,19,0.829651041348881,-0.125617036877439,1.26539010241763
173,T,ACDEFGHIKMNPQRSVWY,18,0.720114129668412,0.202661565502989,0.810434847811569
174,L,ACDEFGHIKMNPQRSTVWY,19,0.839548346570335,0.206432366612883,0.796815648870675
175,T,ACDEFGHIKLMNPQRSVWY,19,0.3934622679969,-0.145154690946284,1.13233503339999
176,L,ACDEFGHIKMNPQRSTVWY,19,0.95960024447362,0.413292370761041,0.954331149383877
177,T,ACDEFGHIKLMNPQRSVWY,19,0.91944638985874,-0.0523276208061573,1.0056022904384
178,Q,ACDEFGHIKLMNPRSTVWY,19,0.959593669989151,-0.0589486765357959,1.16749292901248
179,G,ACDEFHIKLMNPQRSTVWY,19,1.03991153643622,0.0217257442074388,0.966033336635024
180,P,ACDEFGHIKLMNQRSTVWY,19,0.876020690149305,-0.0300656902590065,0.964784841273963
181,S,ACDEFGHIKLMNPQRTVWY,19,1.00878945033372,-0.20989262374184,1.53088592554268
182,C,ADEFGHIKLMNPQRSTVWY,19,1.01219905425547,0.0651789063567886,0.974541115361764
183,W,ACDEFGHIKLMNPQRSTVY,19,0.722580433240392,-0.515354202300727,NA
184,D,ACEFGHIKLMNPQRSTVWY,19,0.961421748837193,0.263261403511928,1.09684910591592
185,D,ACEFGHIKLMNPQRSTVWY,19,0.92421661584485,-0.303276781536789,0.961056067403931
186,V,ACDEFGHIKLMNPQRSTWY,19,0.924427829704506,-0.0382117040677114,1.00347163768359
187,L,ACDEFGHIKMNPQRSTVWY,19,0.947713238611897,0.215328528802309,0.92273544119994
188,I,ACDEFGHKLMNPQRSTVWY,19,1.03078631706289,-0.0731288900465268,0.905496981916798
189,P,ACDEFGHIKLMNQRSTVWY,19,0.957329834490375,-0.0070487085652483,1.20429866627761
190,N,ACDEFGHIKLMPQRSTVWY,19,1.0049587592584,0.283080218278341,0.963375679222003
191,R,ACDEFGHIKLMNPQSTVWY,19,0.945946674559674,0.24773730755276,1.14424524467622
192,M,ADEFGHIKLNPQRSTVWY,18,1.05637919098045,-0.0554286421726262,NA
193,S,ACDEFGHIKLMNPQRTVWY,19,0.969875317908482,-0.32235619550492,0.709617687294027
194,G,ACDEFHIKLMNPQRSTVWY,19,0.744777570275949,0.158165528587625,1.02760886344585
195,E,ACDFGHIKLMNPQRSTVWY,19,0.93492285337373,-0.0359802277699742,0.839001459533432
196,C,ADEFGHIKLMNPQRSTVWY,19,0.945429826635868,-0.0807137072180977,0.946154668134174
197,Q,ACDEFGHIKLMNPRSTVWY,19,0.914056522812235,-0.190923218853448,0.874368251834557
198,S,ACDEFGHIKLMNPQRTVWY,19,0.987146029258306,-0.00865157802443474,NA
199,P,ACDEFGHIKLMNQRSTVWY,19,0.910026905081621,0.00113777991990504,0.628690686182452
200,H,ACDEFGIKLMNPQRSTVWY,19,0.99137334670545,-0.141823150076533,0.943006088098541
201,C,ADEFGHIKLMNPQRSTVWY,19,0.689769674710395,-0.312783373227786,0.768337944128362
202,P,ACDEFGHIKLMNQRSTVWY,19,1.05063188477821,-0.168134805233935,0.874801035034082
203,G,ACDEFHIKLMNPQRSTVWY,19,0.904364325920292,0.0297660645144721,0.848391446777067
204,T,ACDEFGHIKLMNPQRSVWY,19,1.02885209245298,0.0531871326207423,0.906985435227848
205,S,ACDEFGHIKLMNPQRTVWY,19,0.969693828299822,0.135740420523411,1.8740793983869
206,A,CDEFGHIKLMNPQRSTVWY,19,0.934955817203622,0.163434307047452,1.0261614242996
207,E,ACDFGHIKLMNPQRSTVWY,19,0.954687984085811,-0.207340457988928,NA
208,F,ACDEGHIKLMNPQRSTVWY,19,0.890698192571916,0.0372144931066829,0.928929450335134
209,F,ACDEGHIKLMNPQRSTVWY,19,0.698571571343167,-0.0539972953201187,0.864006392031689
210,F,ACDEGHIKLMNPQRSTVWY,19,0.936266461138448,-0.0441237439740904,0.842499570495547
211,K,ACDEFGHILMNPQRSTVWY,19,0.152284222544755,0.0357405070580214,0.93806377525672
212,C,ADEFGHIKLMNPQRSTVWY,19,-0.141911519481031,0.120200784488148,1.0424250220486
213,G,ACDEFHIKLMNPQRSTVWY,19,0.927744644039367,0.0757049750384572,1.03530954319528
214,A,CDEFGHIKLMNPQRSTVWY,19,0.996995469266525,0.151466747348798,0.931446303470742
215,H,ACDEFGIKLMNPQRSTVWY,19,0.490393278001389,0.0380125404684916,0.968849478344467
216,P,CDEFGHIKLMNQRSTVWY,18,0.621013729863658,0.0812089058193629,0.951410630054582
217,T,ACDEFGHIKLMNPQRSVWY,19,0.223187979598646,0.186531102780995,1.0261859981656
218,S,ACDEFGHIKLMNPQRTVWY,19,1.01131210665591,-0.0177926147610505,1.55155958613465
219,D,ACEFGHIKLMNPQRSTVWY,19,0.993123072757577,0.701850721702641,0.892443700295603
220,K,ACDEFGHILMNPQRSTVWY,19,0.946588783522009,0.0990202295592809,0.87928955423249
221,E,ACDFGHIKLMNPQRSTVWY,19,0.843734355266473,-0.053636841648654,1.08299688041524
222,T,ACDEFGHIKLMNPQRSVWY,19,0.966340570625161,0.131539289478076,0.907820062832518
223,S,ACDEFGHIKLMNPQRTVWY,19,0.615820512141457,0.28101021684024,NA
224,V,ACDEFGHIKLMNPQRSTWY,19,0.973547854424597,0.364424302455768,0.963995336727392
225,A,CDEFGHIKLMNPQRSTVWY,19,0.991990267640473,0.141510006652975,1.00263763552722
226,L,ACDEFGHIKMNPQRSTVWY,19,0.963704377948534,0.0800590498396891,1.07511699207826
227,H,ACDEFGIKLMNPQRSTVWY,19,0.963289985447126,-0.200693801569044,0.95097175900425
228,L,ACDEFGHIKMNPQRSTVWY,19,0.978812130665794,0.033534457813473,1.11687155014984
229,I,ACDEFGHKLMNPQRSTVWY,19,0.845281563103773,0.109726332505895,1.09915691635254
230,A,CDEFGHIKLMNPQRSTVWY,19,0.902365081760003,-0.0409380230131192,1.02897667535171
231,T,ACDEFGHIKLMNPQRSVWY,19,1.03679627638933,-0.147216965224155,0.689820061721486
232,N,ACDEFGHIKLMPQRSTVWY,19,0.994727426067671,0.433782775852816,1.10459506489415
233,S,ACDEFGHIKLMNPQRTVWY,19,1.08034310312781,-0.194303717673241,NA
234,R,ACDEFGHIKLMNPQSTVWY,19,1.0462530190722,0.373373592320899,1.03642279177035
235,N,ACDEFGHIKLMPQRSTVWY,19,1.0046610832144,0.00971738441325606,0.767763554259104
236,I,ACDEFGHKLMNPQRSTVWY,19,0.952477069686688,-0.0484410151281864,0.751262306229424
237,T,ACDEFGHIKLMNPQRSVWY,19,0.992642355895764,0.0248536620166094,1.28951796313444
238,C,ADEFGHIKLMNPQRSTVWY,19,-0.190520061263163,-0.121013502921967,0.901286201407582
239,I,ACDEFGHKLMNPQRSTVWY,19,0.927812884224856,-0.1914769780891,0.947234936625807
240,T,ACDEFGHIKLMNPQRSVWY,19,0.0552044354998815,-0.151188201053181,0.912043982569807
241,C,ADEFGHIKLMNPQRSTVWY,19,-0.177443554121489,0.0305557306736503,0.806437259856649
242,T,ACDEFGHIKLMNPQRSVWY,19,1.03869201019182,-0.0980193463908733,1.21066923947671
243,D,ACEFGHIKLMNPQRSTVWY,19,0.691746793451057,-0.0724092149083935,0.655630323186391
244,V,ACDEFGHIKLMNPQRSTWY,19,1.06322853579825,-0.0696688804025621,1.0979298899345
245,R,ACDEFGHIKLMNPQSTVWY,19,1.0220023074308,0.332499752072352,0.910356931217983
246,S,ACDEFGHIKLMNPQRTVWY,19,0.932906553717906,-0.248544209045638,NA
247,P,ACDEFGHIKLMNQRSTVWY,19,0.957289279088668,-0.143552166101563,0.993170898985505
248,V,ACDEFGHIKLMNPQRSTWY,19,0.895157437977282,0.0566710395438462,0.944165353457819
249,L,ACDEFGHIKMNPQRSTVWY,19,0.882152771415869,-0.0208795458012234,1.2822430861997
250,V,ACDEFGHIKLMNPQRSTWY,19,0.905336674874265,0.172501924611297,1.13117553016765
251,F,ACDEGIKLMNPRSTVWY,17,0.821639291824024,0.130744818272759,0.854028153826364
252,Q,ACDEFGHIKLMNPRSTVWY,19,1.01390319296845,-0.353698396715103,0.866580615965665
253,C,ADEFGHIKLMNPQRSTVWY,19,0.457031895704994,-0.136596227825394,0.960915743875709
254,N,ACDEFGHIKLMPQRSTVWY,19,1.03246887940406,-0.0204428795614009,1.01909182854737
255,S,ACDEFGHIKLMNQRVWY,17,1.01767722996613,-0.0137785515781564,NA
256,R,ACDEFGHIKLMNPQSTVWY,19,0.972829248884686,0.429578367828671,1.10544750397541
257,H,ACDEFGIKLMNPQRSTVWY,19,0.621474881178132,0.0761326007464676,0.903418885831112
258,V,ACDEFGHIKLMNPQRSTWY,19,0.941443434623639,-0.327213407578027,1.15125682020626
259,I,ACDEFGHKLMNPQRSTVWY,19,0.828281124421772,0.190255155474419,0.986100459487739
260,C,ADEFGHIKLMNPQRSTVWY,19,-0.178576137391092,-0.00474341737742695,1.04801419149182
261,L,ACDEFGHIKMNPQRSTVWY,19,0.998292647196111,0.123667517738931,1.12711408816562
262,D,ACEFGHIKLMNPQRSTVWY,19,0.852317495959459,0.00618315973721756,1.2569144107196
263,C,ADEFGHIKLMNPQRSTVWY,19,-0.199474250743111,0.0497238062709341,0.849786889769907
264,F,ACDEGHIKLMNPQRSTVWY,19,0.870928706773867,-0.132952332374748,0.897705065853489
265,H,ACDEFGIKLMNPQRSTVWY,19,0.982375817431863,0.262440246594711,1.13751597217064
266,L,ACDEFGHIKMNPQRSTVWY,19,0.824857100625773,-0.118726440335429,1.09764421266109
267,Y,ACDEFGHIKLMNPQRSTVW,19,0.45503943279412,0.217742741641136,0.93056027677503
268,C,ADEFGHIKLMNPQRSTVWY,19,0.812663495762873,0.288398758458248,1.06389654340421
269,V,ACDEFGHIKLMNPQRSTWY,19,0.987930784716185,-0.166957340880158,0.993539293952379
270,T,ACDEFGHIKLMNPQRSVWY,19,0.863729945882676,0.096754039741372,0.97471555956563
271,R,ACDEFGHIKLMNPQSTVWY,19,0.894639171644943,0.214680211476821,1.00279408991765
272,L,ACDEFGHIKMNPQRSTVWY,19,0.871392939005796,0.00465169912704933,0.951352576836491
273,N,ACDEFGHIKLMPQRSTVWY,19,0.829041000944072,-0.0686372172551771,1.09786961275
274,D,ACEFGHIKLMNPQRSTVWY,19,0.82259300020312,0.0201293174839502,1.12903561802241
275,R,ACDEFGHIKLMNPQSTVWY,19,0.0958917859025373,0.151869041067864,0.654387055480523
276,Q,ACDEFGHIKLMNPRSTVWY,19,0.917807035514452,0.545487726285254,0.938192783200158
277,F,ACDEGHIKLMNPQRSTVWY,19,0.771003507513533,-0.219842129696587,0.637901869268785
278,V,ACDEFGHIKLMNPQRSTWY,19,1.05525705669285,-0.0440463943303994,0.763712037511744
279,H,ACDEFGIKLMNPQRSTVWY,19,0.988219561031709,0.183878798684797,0.908977887562613
280,D,ACEFGHIKLMNPQRSTVWY,19,1.02374717777468,0.083387126130588,0.924809927166301
281,P,ACDEFGHIKLMNQRSTVWY,19,0.997977835260493,0.0581197741516294,1.09770537173496
282,Q,ACDEFGHIKLMNPRSTVWY,19,0.967434338997629,0.263736083510654,0.873419546763113
283,L,ACDEFGHIKMNPQRSTVWY,19,1.07189145043118,0.123005140777283,1.03652659844726
284,G,ACDEFHIKLMNPQRSTVWY,19,0.552771013166913,-0.0615574830351678,0.991153265694938
285,Y,ACDEFGHIKLMNPQRSTVW,19,0.800408996517233,-0.0707103420861238,0.981893584856571
286,S,ACDEFGHIKLMNPQRTVWY,19,0.822563321072821,-0.2634689488087,NA
287,L,ACDEFGHIKMNPQRSTVWY,19,0.67427326992406,0.072897381930958,1.01693529042194
288,P,ACDEFGHIKLMNQRSTVWY,19,1.02669722522431,-0.206492902839873,1.10053982746661
289,C,ADEFGHIKLMNPQRSTVWY,19,-0.061910227702823,0.345228296074889,0.841250771517407
290,V,ACDEFGHIKLMNPQRSTWY,19,0.679950690308669,0.0592131536421084,0.891807357244866
291,A,CDEFGHIKLMNPQRSTVWY,19,0.963304812714819,0.155673054899059,0.719099828655438
292,G,ACDEFHIKLMNPQRSTVWY,19,0.972214328633667,0.112350712857284,1.25213978513198
293,C,ADEFGHIKLMNPQRSTVWY,19,0.501231570773343,0.305116549895774,1.13748811295375
294,P,ACDEFGHIKLMNQRSTVWY,19,1.08340940542195,-0.130124309385164,1.22091565590888
295,N,ACDEFGHIKLMPQRSTVWY,19,0.981993594491762,0.0341540538650357,0.823848390056856
296,S,ACDEFGHIKLMNPQRTVWY,19,0.962322468190469,-0.285208480918654,NA
297,L,ACDEFGHIKMNPQRSTVWY,19,1.04551568222073,0.374659829960185,0.836629623062967
298,I,ACDEFGHKLMNPQRSTVWY,19,0.884014958318567,0.010623660949638,1.13550585388277
299,K,ACDEFGHILMNPQRSTVWY,19,0.933311264304442,-0.144932926381972,0.938557912356751
300,E,ACDFGHIKLMNPQRSTVWY,19,1.05046406605465,0.0174048259209034,0.997707346693262
301,L,ACDEFGHIKMNPQRSTVWY,19,0.988027108296812,-0.0501374482028674,0.56199514089765
302,H,ACDEFGIKLMNPQRSTVWY,19,0.42499067379435,-0.226877660289823,1.0172577434774
303,H,ACDEFGIKLMNPQRSTVWY,19,0.96054498895996,-0.05977635800782,0.639711634782361
304,F,ACDEGHIKLMNPQRSTVWY,19,0.765642499171248,0.0928646295272381,0.921576422461696
305,R,ACDEFGHIKLMNPQSTVWY,19,0.96306583237827,0.168837350551102,1.0853325581806
306,I,ACDEFGHKLMNPQRSTVWY,19,0.981809227810309,-0.103563138581565,0.989948221421832
307,L,ACDEFGHIKMNPQRSTVWY,19,0.935501245092791,0.128732532881617,1.01742924172482
308,G,ACDEFHIKLMNPQRSTVWY,19,0.962302865191447,-0.201679144160716,1.10201124898537
309,E,ACDFGHIKLMNPQRSTVWY,19,1.0236801477319,-0.521943638523142,0.798269261806165
310,E,ACDFGHIKLMNPQRSTVWY,19,1.03354424507052,-0.0153207486274895,0.929664305971652
311,Q,ACDEFGHIKLMNPRSTVWY,19,0.781265722717978,0.206353162475975,0.875526864016937
312,Y,ACDEFGHIKLMNPQRSTVW,19,1.02069402675045,-0.0586322207346918,0.841941953590634
313,N,ACDEFGHIKLMPQRSTVWY,19,1.01242124398363,0.161611327368445,1.04460530160549
314,R,ACDEFGHIKLMNPQSTVWY,19,0.521296847762167,0.286349769906259,NA
315,Y,ACDEFGHIKLMNPQRSTVW,19,0.939794792211299,0.198837259133759,1.03972183209456
316,Q,ACDEFGHIKLMNPRSTVWY,19,0.978615592417079,-0.0619583022931942,1.13394789940018
317,Q,ACDEFGHIKLMNPRSTVWY,19,0.987027337664362,0.0294877922895591,0.955554861835446
318,Y,ACDEFGHIKLMNPQRSTVW,19,0.719028652502007,0.0956586527540437,0.817890102370013
319,G,ACDEFHIKLMNPQRSTVWY,19,0.448728725939755,-0.151639159109005,1.20483663675693
320,A,CDEFGHIKLMNPQRSTVWY,19,0.704791905762148,0.0240924721804058,1.1573266342584
321,E,ACDFGHIKLMNPQRSTVWY,19,0.234593318517827,-0.163854195271156,0.897725405028163
322,E,ADFGHIKLMNPQRSTVWY,18,0.906049266074074,0.0359432277069497,1.25142345085327
323,C,ADEFGHIKLMNPQRSTVWY,19,0.969687586018314,0.135781250722092,1.04333627781731
324,V,ACDEFGHIKLMNPQRSTWY,19,0.808844414966782,-0.349145276461797,1.12486252166489
325,L,ACDEFGHIKMNPQRSTVWY,19,0.82952159436558,-0.0838754799936977,0.893891989262412
326,Q,ACDEFGHIKLMNPRSTVWY,19,1.02782323029831,-0.20142883101806,0.961823926554145
327,M,ACDEFGIKLNPQRSTVWY,18,0.99913501146446,-0.16929049507957,NA
328,G,ACDEFHIKLMNPQRSTVWY,19,0.928173779153662,-0.38331981483717,0.922385732726662
329,G,ACDEFHIKLMNPQRSTVWY,19,-0.00301513753440466,-0.0803723627143683,1.15082071824167
330,V,ACDEFGHIKLMNPQRSTWY,19,0.920142662384044,0.086519731322195,0.852260485987221
331,L,ACDEFGHIKMNPQRSTVWY,19,0.657589236917746,-0.390359862300285,0.350284076188169
332,C,ADFGHIKLMNPQRSTVWY,18,-0.140345265407906,-0.760791701480935,0.838501900125347
333,P,ACDEFGHIKLMNQRSTVWY,19,0.66964048216429,-0.245853724186212,0.845571502815151
334,R,ACDEFGHIKLMNPQSTVWY,19,0.964260002827589,-0.137069080234466,NA
335,P,ACDEFGHIKLMNQRSTWY,18,0.87425137050086,-0.128231795776852,0.762962986857536
336,G,ACDEFHIKLMNPQRSTVWY,19,0.876489167087802,-0.313652635317869,1.02861361053328
337,C,ADEFGHIKLMNPQRTVWY,18,-0.10273340538121,-0.191964703008411,0.626802283213739
338,G,ACDEFHIKLMNPRSTVWY,18,0.746452037869232,-0.00371113444298112,NA
339,A,CDEFGHIKLMNPQRSTVWY,19,0.885921733220015,0.144355989551221,0.88938064775062
340,G,ACDEFHIKLMNPQRSTVWY,19,0.259529325588632,-0.34667969665919,0.890805857766231
341,L,ACDEFGHIKMNPQRSTVWY,19,0.805930136604628,-0.00281521159311892,1.03710947425375
342,L,ACDEFGHIKMNPQRSTVWY,19,0.979928227015391,-0.146727802099066,1.32642734071282
343,P,ACDEFGHIKLMNQRSTVWY,19,0.904701098542487,-0.27892049600581,1.08914085973693
344,E,D,1,1.11725411783527,NA,NA
345,P,LQS,3,1.03532977348097,NA,NA
346,D,ACEFGHIKLMNPQRSTVWY,19,0.996124488829997,-0.23934153035354,1.087406025385
347,Q,ACDEFGHIKLMNPRSTVWY,19,0.942180432270701,0.104959932821725,0.578918469678039
348,R,ACDEFGHIKLMNPQSTVWY,19,0.988481246840868,-0.254432695399866,0.932211190915706
349,K,ACDEFGHILMNPQRSTVWY,19,0.960287632244339,0.15908115752395,0.975622970512765
350,V,ACDEFGHIKLMNPQRSTWY,19,0.892108616211444,-0.0576012334659894,1.0413614823165
351,T,ACDEFGHIKLMNPQRSVWY,19,0.940661304890505,-0.368579580287562,1.05942042238793
352,C,ADEFGHIKLMNPQRSTVWY,19,-0.137614208738915,0.565788586859107,1.07295612639299
353,E,ACDFGHIKLMNPQRSTVWY,19,1.00379589406181,0.212743535861664,0.800792604241553
354,G,ACDEFHIKLMNPQRSTVWY,19,1.00687357412624,0.282628195572254,0.954131405828161
355,G,ACDEFHIKLMNPQRSTVWY,19,0.995661956519947,-0.303409943917098,0.957057725183914
356,N,ACDEFGHIKLMPQRSTVWY,19,0.96848013370128,-0.00653813461552656,0.838303317773431
357,G,ACDEFHIKLMNPQRSTVWY,19,0.976388758728466,0.0448564051400624,1.2653015448908
358,L,ACDEFGHIKMNPQRSTVWY,19,0.920364129769334,0.0261872413346599,0.865307620566619
359,G,ACDEFHIKLMNPQRSTVWY,19,0.905264617134688,0.0506856788908277,1.04091170453819
360,C,ADEFGHIKLMNPQRSTVWY,19,0.188282306932151,0.185075177712594,0.842299092634115
361,G,ACDEFHIKLMNPQRSTVWY,19,0.908882367471943,-0.391677928861643,0.914232174449451
362,F,ACDEGHIKLMNPQRSTVWY,19,0.981192464702147,0.160500061774031,0.774500933973809
363,A,CDEFGHIKLMNPQRSTVWY,19,1.0286264614868,-0.075395508046818,1.05662631444926
364,F,ACDEGHIKLMNPQRSTVWY,19,0.819124324239693,0.0915683185223056,1.0539655720535
365,C,DEFGHIKLMNQRSVWY,16,0.58712992738841,-0.201240948081867,0.912750958198596
366,R,ACDEFGHIKLMNPQSTVWY,19,0.965806584566477,-0.0879023349793153,1.30062847219537
367,E,ACDFGHIKLMNPQRSTVWY,19,0.951520432754245,0.144101087300118,0.952711144989143
368,C,ADEFGHIKLMNPQRSTVWY,19,0.523176805340214,-0.0886317493631947,1.13556373871306
369,K,ACDEFGHILMNPQRSTVWY,19,0.966661636404596,-0.165109796300248,1.18603608695756
370,E,ACDFGHIKLMNPQRSTVWY,19,0.881798508708539,-0.0242525330841857,1.01094258940143
371,A,CDEFGHIKLMNPQRSTVWY,19,1.08462329092507,0.182965094372915,0.83288726043645
372,Y,ACDEFGHIKLMNPQRSTVW,19,0.97379868074997,0.126218226959631,0.805886744165649
373,H,ACDEFGIKLMNPQRSTVWY,19,0.848027298122921,-0.13944641729726,1.09360737700536
374,E,ACDFGHIKLMNPQRSTVWY,19,0.947876071652493,-0.0430600658111355,1.01325731365585
375,G,ACDEFHIKLMNPQRSTVWY,19,1.0211371584898,-0.207804448885258,1.04118260120667
376,E,ACDFGHIKLMNPQRSTVWY,19,0.951805490999211,0.135912109248172,1.18391949637649
377,C,ADEFGHIKLMNPQRSTVWY,19,0.90096872271072,-0.118248579831112,1.03051344579507
378,S,ACDEFGHIKLMNPQRTVWY,19,0.937824993846203,0.127255992116381,NA
379,A,CDEFGHIKLMNPQRSTVWY,19,1.01208439997155,0.00970294902465862,0.97570704531473
380,V,ACDEFGHIKLMNPQRSTWY,19,1.04218638116971,-0.331808615388679,0.777628213115733
381,F,ACDEGHIKLMNPQRSTVWY,19,0.839281029050082,0.00574822847720198,1.09751422384038
382,E,ACDFGHIKLMNPQRSTVWY,19,0.99483504391452,0.0551963780260098,1.25840021214535
383,A,CDEFGHIKLMNPQRSTVWY,19,1.01964877265664,-0.288265244730065,1.25371037696167
384,S,ACDEFGHIKLMNPQRTVWY,19,0.99967308773078,0.089519684974104,NA
385,G,ACDEFHIKLMNPQRSTVWY,19,1.01263881199762,0.14351744684987,0.971523607151077
386,T,ACDEFGHIKLMNPQRSVWY,19,1.02223841408179,-0.0979087026308514,0.792221922017045
387,T,ACDEFGHIKLMNPQRSVWY,19,1.05068308058347,-0.365468042592588,1.08175902237172
388,T,ACDEFGHIKLMNPQRSVWY,19,1.00024043387058,0.0907612742992729,1.13415914704142
389,Q,ACDEFGHIKLMNPRSTVWY,19,0.951337538025708,0.0266379187892879,1.11791846675208
390,A,CDEFGHIKLMNPQRSTVWY,19,0.967511426743311,-0.202925643387313,0.953079905654387
391,Y,ACDEFGHIKLMNPQRSTVW,19,0.977091988486875,-0.19509419664106,0.906567209504028
392,R,ACDEFGHIKLMNPQSTVWY,19,0.928173899147466,-0.350682972368327,1.17457538454962
393,V,ACDEFGHIKLMNPQRSTWY,19,0.929263987508112,-0.206069696680686,0.979719276490851
394,D,ACEFGHIKLMNPQRSTVWY,19,1.03138704775219,-0.0759483780535863,1.25330763322713
395,E,ACDFGHIKLMNPQRSTVWY,19,0.968564006726975,-0.179353320612742,0.857901670190227
396,R,ACDEFGHIKLMNPQSTVWY,19,0.998196398946077,0.0239477728559532,0.921517983199286
397,A,CDEFGHIKLMNPQRSTVWY,19,1.02161425422787,-0.0162590888519999,1.12748754740666
398,A,CDEFGHIKLMNPQRSTVWY,19,1.07911951330248,-0.0940273326526411,1.16449187153508
399,E,ACDFGHIKLMNPQRSTVWY,19,0.947422340827238,-0.120606408513326,0.767533783975036
400,Q,ACDEFGHIKLMNPRSTVWY,19,0.952297587464334,-0.132025319164432,0.941696809147577
401,A,CDEFGHIKLMNPQRSTVWY,19,0.899271136713923,-0.0997262899669537,1.19959569634576
402,R,ACDEFGHIKLMNPQSTVWY,19,1.04643547877401,-0.0982527312734486,0.878127001291081
403,W,ACDEFGHIKLMNPQRSTVY,19,1.0051427108988,0.00309371420184217,NA
404,E,ACDFGHIKLMNPQRSTVWY,19,0.875309167669816,-0.215255329430993,0.972940256793758
405,A,CDEFGHIKLMNPQRSTVWY,19,1.00082368993625,-0.156953567609232,0.979083312258482
406,A,CDEFGHIKLMNPQRSTVWY,19,0.853488000325131,-0.178877663852862,0.916603408664066
407,S,ACDEFGHIKLMNPQRTVWY,19,0.137991459998897,-0.0477251836000619,NA
408,K,ACDEFGHILMNPQRSTVWY,19,0.814689870495974,-0.0592465574778796,1.26833945480793
409,E,ACDFGHIKLMNPQRSTVWY,19,0.944326527291206,0.0579559211758156,0.975309921651257
410,T,ACDEFGHIKLMNPQRSVWY,19,0.586908496518931,-0.103474436508724,0.904321593395868
411,I,ACDEFGHKLMNPQRSTVWY,19,0.0973723671801518,0.0278140982548114,0.910121680813778
412,K,ACDEFGHILMNPQRSTVWY,19,0.82271622194663,-0.00384074113507981,1.05374046625661
413,K,ACDEFGHILMNPQRSTVWY,19,0.954382455564049,0.280630928850792,0.817719034111221
414,T,ACDEFGHIKLMNPQRSVWY,19,0.588708865516899,0.308039498148771,0.773651387886982
415,T,ACDEFGHIKLMNPQRSVWY,19,0.122632265904435,0.0650768515353778,0.925603958206683
416,K,ACDEFGHILMNPQRSTVWY,19,0.33366648304769,0.0841051656989567,1.0551704118944
417,P,ACDEFGHIKLMNQRSTVWY,19,0.959655677475306,-0.390846890207542,1.22909261037881
418,C,ADEFGHIKLMNPQRSTVWY,19,-0.308639243088039,0.121618294532422,0.927089398472124
419,P,ACDEFGHIKLMNQRSTVWY,19,0.475775829622774,-0.0350738579837167,1.00175459978619
420,R,ACDEFGHIKLMNPQSTVWY,19,0.855512734911505,-0.199061191773823,1.14625716274818
421,C,ADEFGHIKLMNPQRSTVWY,19,-0.290158998953047,0.00439601925017452,0.898692918305641
422,H,ACDEFGIKLMNPQRSTVWY,19,0.944669191340152,-0.284795395644418,0.956616674604079
423,V,ACDEFGHIKLMNPQRSTWY,19,0.156632735755489,-0.301792447324171,0.910894603433956
424,P,ACDEFGHIKLMNQRSTVWY,19,0.613509457994824,-0.391000954602482,1.09721325240903
425,V,ACDEFGHIKLMNPQRSTWY,19,0.166777047540296,-0.272498408108622,0.886526476357058
426,E,ACDFGHIKLMNPQRSTVWY,19,0.110470179060568,-0.337668760159232,1.05401428860915
427,K,ACDEFGHILMNPQRSTVWY,19,0.151533904750356,-0.244050606121019,1.10589298239474
428,N,ACDEFGHIKLMPQRSTVWY,19,0.815479735313078,-0.25943749270842,0.983977774161745
429,G,ACDEFHIKLMNPQRSTVWY,19,0.579440244104714,-0.68404844819865,1.18727635125194
430,G,ACDEFHIKLMNPQRSTVWY,19,0.0984682603289046,-0.31090625968932,1.20626096970581
431,C,ADEFGHIKLMNPQRSTVWY,19,0,-0.273393462358874,0.847984229424503
432,M,ACDEFGHIKLNPQRSTVWY,19,1.02747351326477,-0.0587965823938572,NA
433,H,ACDEFGIKLMNPQRSTVWY,19,0.457249593031765,-0.106854503939358,NA
434,M,ACDEFGHIKLNPQRSTVWY,19,0.0149719913440623,-0.441028197340851,NA
435,K,ACDEFGHILMNPQRSTVWY,19,1.06187230450526,-0.544406855092267,0.986732734930521
436,C,ADEFGHIKLMNPQRSTVWY,19,-0.325180772439578,-0.298702555397167,0.612362755846468
437,P,ACDEFGHIKLNQRSTVWY,18,0.386993597564096,-0.227174365889793,0.798548489409301
438,Q,ACDEFGHIKLMNPRSTVWY,19,0.76600128148633,-0.394268798173859,0.994841695717824
439,P,ACDEFGHIKLMNQRSTVWY,19,1.00843640784797,-0.224936887107925,0.918462639690072
440,Q,ACDEFGHIKLMNPRSTVWY,19,0.949975448380734,-0.239239167298392,1.16714096257713
441,C,ADEFGHIKLMNPQRSTVWY,19,-0.251483421202465,-0.313140672477041,0.959744626204906
442,R,ACDEFGIKLMNPQSTVWY,18,0.868572800496988,-0.28715759285321,0.85695703337246
443,L,ACDEFGHIKMNPQRSTVWY,19,1.00173333903773,-0.167782035365684,1.03093852399374
444,E,ACDFGIKLMNPQRSTVWY,18,0.842215154423372,-0.138427599841862,1.09634525827676
445,W,ACDEFGHIKLMNPQRSTVY,19,-0.187646036156817,-0.252312355888958,NA
446,C,ADEFGHIKLMNPQRSTVWY,19,0.0714752553767908,-0.444235059786532,0.960484401833992
447,W,ACDEFGHIKLMNPQRSTVY,19,-0.0105585419457178,-0.246139632628243,NA
448,N,ACDEFGHIKLMPQRSTVWY,19,1.05327808270612,-0.146918824481763,1.0979124957178
449,C,ADEFGHIKLMNPQRSTVWY,19,0.331053308693126,0.0467014902889324,1.01477613976637
450,G,ACDEFHIKLMNPQRSTVWY,19,0.778065001279743,-0.275065847723391,0.595815894397057
451,C,ADEFGHIKLMNPQRSTVWY,19,1.33791452571419,-0.193803235280529,1.16365151228066
452,E,ACDFGHIKLMNPQRSTVWY,19,1.14781718564034,-0.17950215846496,1.29642619297471
453,W,ACDEFGHIKLMNPQRSTVY,19,0.750428302628109,-0.275680844390626,NA
454,N,ACDEFGHIKLMPQRSTVWY,19,1.01809324064712,0.0639649683868807,0.943510579746196
455,R,ACDEFGHIKLMNPQSTVWY,19,1.01067241172003,0.44105618682725,0.918069801320549
456,V,ACDEFGHIKLMNPQRSTWY,19,1.09303439215673,0.14877640712995,0.871761881072722
457,C,ADEFGHIKLMNPQRSTVWY,19,0.816891172935123,0.0260406336793573,1.23738210419201
458,M,ACDEFGHIKLNPQRSTVWY,19,1.24032491213576,0.380913642406642,NA
459,G,ACDEFHIKLMNPQRSTVWY,19,1.06620678070895,0.483663263058386,0.931183488603023
460,D,ACEFGHIKLMNPQRSTVWY,19,1.03646594133808,0.427944525484052,0.869343402700007
461,H,ACDEFGIKLMNPQRSTVWY,19,0.740714806818825,0.527876250666366,0.804792753651512
462,W,ACDEFGHIKLMNPQRSTVY,19,1.07393512606662,0.863903791247818,NA
463,F,ACDEGHIKLMNPQRSTVWY,19,0.911834738113725,0.806894701615794,0.898823433876995
464,D,ACEFGHIKLMNPQRSTVWY,19,1.05447536249869,0.910186796437201,1.16070689917934
465,V,ACDEFGHIKLMNPQRSTWY,19,0.994499192337374,1.02096959867058,1.06950849412814
